track,subset,measure,n,mean_auto,mean_manual,pearson_r,pearson_p,spearman_rho,spearman_p,icc_2_1,bias,mae
vad_classifier,Overall,AR,40,5.0522,4.8446,0.947,2.4300196452009856e-20,0.935,1.1610345303877224e-18,0.903,0.2076,0.2418
vad_classifier,Overall,SR,40,2.5632,2.6691,0.992,6.386260264020728e-36,0.988,1.9663246396683248e-32,0.982,-0.1059,0.1161
vad_classifier,Overall,MLR,40,7.36,7.645,0.991,2.26106233004955e-34,0.987,1.5979551013115798e-31,0.975,-0.285,0.46
vad_classifier,Overall,MCPR,40,0.0756,0.0767,0.912,2.552282024262276e-16,0.933,1.7921779065325278e-18,0.913,-0.0011,0.0093
vad_classifier,Overall,ECPR,40,0.0768,0.0782,0.903,1.5602113464646054e-15,0.883,4.9573458138416203e-14,0.898,-0.0014,0.0082
vad_classifier,Overall,PR,40,0.1524,0.1549,0.984,7.407540371961743e-30,0.978,2.55871760790489e-27,0.978,-0.0025,0.0086
vad_classifier,Overall,MCPD,40,0.893,0.752,0.955,1.3527661310470059e-21,0.902,2.0644156557840328e-15,0.878,0.141,0.151
vad_classifier,Overall,ECPD,40,1.9608,1.7399,0.942,1.3013551424477762e-19,0.902,1.9261956116753497e-15,0.884,0.2209,0.2313
vad_classifier,Overall,MPD,40,1.437,1.261,0.948,1.5417652580470702e-20,0.876,1.4397911613922218e-13,0.88,0.176,0.1841
