track,subset,measure,n,mean_auto,mean_manual,pearson_r,pearson_p,spearman_rho,spearman_p,icc_2_1,bias,mae
vad_classifier,ST2,AR,20,4.9747,4.7761,0.929,3.2184900835523313e-09,0.911,2.3360131773309612e-08,0.886,0.1987,0.2571
vad_classifier,ST2,SR,20,2.5572,2.6838,0.993,6.224573983139365e-18,0.976,2.351920209922708e-13,0.979,-0.1265,0.1315
vad_classifier,ST2,MLR,20,7.1485,7.5055,0.986,1.6468100996338701e-15,0.955,6.23787604797925e-11,0.961,-0.357,0.572
vad_classifier,ST2,MCPR,20,0.0767,0.0781,0.925,5.331525746205309e-09,0.925,5.539165176617531e-09,0.928,-0.0014,0.0094
vad_classifier,ST2,ECPR,20,0.0806,0.0813,0.921,8.178868284862152e-09,0.892,1.3029570145042408e-07,0.921,-0.0007,0.0077
vad_classifier,ST2,PR,20,0.1573,0.1594,0.981,2.7200953672171473e-14,0.927,4.274449801636008e-09,0.977,-0.0021,0.0101
vad_classifier,ST2,MCPD,20,0.9318,0.7714,0.953,8.715211883689873e-11,0.92,9.20256433443776e-09,0.882,0.1604,0.1725
vad_classifier,ST2,ECPD,20,1.7983,1.6004,0.947,2.7521183516642624e-10,0.88,3.213669744846094e-07,0.896,0.1978,0.2132
vad_classifier,ST2,MPD,20,1.3906,1.2074,0.94,7.577771716715152e-10,0.872,5.389740442330202e-07,0.875,0.1832,0.1946
